mode,batch_id,training_size_before,batch_size,accuracy,balanced_accuracy,macro_f1,weighted_f1,correct_predictions,avg_lightsched_score,avg_oracle_score,avg_score_gap,avg_regret_pct,pred_RR,pred_SJF,pred_Priority,pred_MLFQ
static,1,500,50,0.62,0.4935897435897436,0.41220818982013013,0.6797305778798317,31,0.7049571589531481,0.7896493868447876,0.08469222789163937,10.295742618843517,7,28,2,13
adaptive,1,500,50,0.62,0.4935897435897436,0.41220818982013013,0.6797305778798317,31,0.7049571589531481,0.7896493868447876,0.08469222789163937,10.295742618843517,7,28,2,13
static,2,500,50,0.66,0.5544871794871795,0.41384976525821593,0.6765446009389672,33,0.7085400754589233,0.7818313492305822,0.07329127377165891,9.158533454061022,8,32,2,8
adaptive,2,550,50,0.7,0.5673076923076923,0.4277016742770167,0.7033181126331811,35,0.7241972366356716,0.7818313492305822,0.05763411259491063,7.216723496277825,8,34,1,7
static,3,500,50,0.62,0.3419642857142857,0.29333333333333333,0.6546666666666667,31,0.7127924635973956,0.7876212443132161,0.07482878071582057,10.056974344075593,4,35,3,8
adaptive,3,600,50,0.64,0.3482142857142857,0.30292397660818715,0.6684678362573099,32,0.7145893920999336,0.7876212443132161,0.0730318522132826,9.8009058079485,4,36,3,7
static,4,500,50,0.72,0.600735294117647,0.5404761904761904,0.6834285714285716,36,0.7513956540797182,0.791641206771982,0.04024555269226369,4.965323962511535,5,36,2,7
adaptive,4,650,50,0.7,0.5507352941176471,0.507255655142979,0.6633717456252667,35,0.74996654327087,0.791641206771982,0.04167466350111192,5.211235862205074,5,37,2,6
static,5,500,50,0.62,0.5588235294117647,0.43132240893434926,0.5857843648888426,31,0.6893721116874773,0.7545712058080619,0.0651990941205847,8.4880374376674,9,33,1,7
adaptive,5,700,50,0.64,0.5661764705882353,0.45784313725490194,0.6053333333333333,32,0.6956397362907739,0.7545712058080619,0.058931469517288004,7.765653432270142,8,34,2,6
static,6,500,50,0.6,0.47916666666666663,0.3768485915492958,0.6172676056338028,30,0.6945418779570413,0.7670482110987377,0.07250633314169648,9.02444501946761,3,32,3,12
adaptive,6,750,50,0.6,0.3044871794871795,0.27,0.6090666666666666,30,0.6912788897420467,0.7670482110987377,0.07576932135669133,9.572045173334658,2,36,4,8
static,7,500,50,0.62,0.5238899613899614,0.4135811327975507,0.6445847684653656,31,0.706031517910118,0.7804920466737354,0.07446052876361751,9.042243732716196,9,30,5,6
adaptive,7,800,50,0.7,0.5798745173745173,0.4967698967698968,0.7143083583083584,35,0.7305596141766506,0.7804920466737354,0.049932432497084844,6.16030574956069,9,33,4,4
static,8,500,50,0.68,0.5544871794871795,0.48611111111111105,0.7066666666666666,34,0.6960360499367969,0.7617495362033889,0.06571348626659196,8.802897480988591,6,33,6,5
adaptive,8,850,50,0.66,0.4775641025641026,0.39594594594594595,0.6713513513513513,33,0.7083508545472265,0.7617495362033889,0.05339868165616234,7.323967027241583,7,35,4,4
static,9,500,50,0.66,0.48611111111111105,0.41609808102345414,0.6772196162046907,33,0.7143608506795579,0.7761390819646047,0.061778231285046906,8.58739922401521,8,31,4,7
adaptive,9,900,50,0.64,0.4875,0.4537878787878788,0.6760606060606061,32,0.6864245843806921,0.7761390819646047,0.08971449758391259,13.045926928434737,5,30,10,5
static,10,500,50,0.64,0.49375,0.3285217035217035,0.6885421785421785,32,0.7001518293732419,0.7771300909471354,0.07697826157389356,9.759413116022836,2,34,3,11
adaptive,10,950,50,0.72,0.49375,0.3515432098765432,0.7062716049382716,36,0.7345361890074465,0.7771300909471354,0.042593901939689066,5.73624457731861,1,41,4,4
static,11,500,50,0.72,0.5060924369747899,0.5049019607843137,0.7166666666666667,36,0.7285651991240647,0.7792652776292002,0.05070007850513548,7.432969597442065,4,34,3,9
adaptive,11,1000,50,0.68,0.49138655462184866,0.48885918003565065,0.6889126559714795,34,0.722214447926476,0.7792652776292002,0.05705082970272418,8.280623946996457,4,32,4,10
static,12,500,50,0.76,0.8336466165413533,0.7325396825396825,0.7753650793650795,38,0.7137671838571046,0.7526888220829524,0.03892163822584774,4.919179445106772,3,32,4,11
adaptive,12,1050,50,0.74,0.7211779448621554,0.5915750915750916,0.7508058608058609,37,0.7094195398876039,0.7526888220829524,0.043269282195348445,5.705289596572747,5,34,5,6
static,13,500,50,0.72,0.39689922480620154,0.30609896432681244,0.7766168009205984,36,0.72397615152689,0.7793304782133057,0.05535432668641576,7.987516022212111,1,36,6,7
adaptive,13,1100,50,0.78,0.5790697674418605,0.43333333333333335,0.8248888888888888,39,0.7428736525140147,0.7793304782133057,0.0364568256992911,5.24209847488844,3,38,4,5
static,14,500,50,0.72,0.66875,0.6660436557977542,0.7145487299585659,36,0.7067023549977023,0.7529287817936527,0.046226426795950265,6.263995178940937,6,31,7,6
adaptive,14,1150,50,0.68,0.5625,0.5512265512265512,0.66008658008658,34,0.7101274142343034,0.7529287817936527,0.04280136755934925,6.412765162462957,8,33,6,3
static,15,500,50,0.7,0.4392857142857143,0.4126984126984127,0.7231746031746031,35,0.699060205503976,0.7589974436779875,0.05993723817401172,8.256232281925541,7,35,4,4
adaptive,15,1200,50,0.64,0.4357142857142857,0.39835858585858586,0.6726262626262626,32,0.6779974322727162,0.7589974436779875,0.08100001140527152,10.858925400269152,6,31,8,5
static,16,500,50,0.62,0.4357142857142857,0.42095292766934556,0.634052812858783,31,0.7008956365379743,0.783464608432604,0.08256897189462958,10.640149391780508,5,32,5,8
adaptive,16,1250,50,0.64,0.48571428571428577,0.43688699360341154,0.6404264392324093,32,0.7186625142588993,0.783464608432604,0.06480209417370462,8.872359502859469,9,32,4,5
static,17,500,50,0.7,0.6047794117647058,0.593172268907563,0.7005714285714285,35,0.7101110050035473,0.7652220016947546,0.05511099669120746,7.075469652361313,4,34,6,6
adaptive,17,1300,50,0.68,0.4944852941176471,0.45660173160173156,0.6565887445887446,34,0.7075958225796382,0.7652220016947546,0.05762617911511659,7.503374664384404,7,36,4,3
static,18,500,50,0.68,0.6230769230769231,0.5261904761904762,0.7017142857142857,34,0.7156913075602849,0.7721040334768908,0.056412725916606093,7.573932957189676,5,31,3,11
adaptive,18,1350,50,0.72,0.6692307692307693,0.5757020757020757,0.7366300366300367,36,0.7330272831648627,0.7721040334768908,0.039076750312028334,5.340126934874222,5,33,4,8
static,19,500,50,0.74,0.6132352941176471,0.5410932351230858,0.7185268462880403,37,0.7001565650039764,0.7650071308770018,0.06485056587302544,8.047209355509318,9,33,2,6
adaptive,19,1400,50,0.74,0.5196078431372549,0.4945003353454058,0.7099932930918845,37,0.6961257951188797,0.7650071308770018,0.06888133575812212,8.112432668257057,10,37,1,2
static,20,500,50,0.72,0.6153846153846153,0.48644358644358643,0.7276087516087516,36,0.7300932582672874,0.7899078373728935,0.05981457910560605,7.468478584689465,7,35,3,5
adaptive,20,1450,50,0.72,0.46153846153846156,0.35064935064935066,0.7012987012987011,36,0.7206143715074756,0.7899078373728935,0.06929346586541783,9.471382088889186,8,38,2,2
static,21,500,50,0.66,0.5763888888888888,0.516183574879227,0.6652753623188405,33,0.7186230337844924,0.7833735992741104,0.06475056548961802,8.03501288792509,8,33,3,6
adaptive,21,1500,50,0.7,0.6041666666666666,0.5161649944258639,0.6927090301003345,35,0.743207074718406,0.7833735992741104,0.040166524555704616,5.479998466862189,9,33,6,2
static,22,500,50,0.7,0.4487179487179487,0.4177927927927928,0.7201801801801803,35,0.733565397841199,0.7776142378255984,0.04404883998439917,6.0662617480110335,4,35,3,8
adaptive,22,1550,50,0.72,0.47596153846153844,0.4432003432003432,0.7427850707850709,36,0.7215468111983421,0.7776142378255984,0.05606742662725612,7.168793465838473,3,35,6,6
static,23,500,50,0.68,0.48690476190476195,0.4530020703933747,0.6878343685300206,34,0.7164315374638432,0.773257920245119,0.056826382781275726,7.637108788974643,4,34,7,5
adaptive,23,1600,50,0.72,0.45238095238095233,0.4612676056338028,0.7182159624413146,36,0.7300495746509348,0.773257920245119,0.043208345594184204,5.73448099219269,6,36,5,3
static,24,500,50,0.7,0.6058558558558558,0.4629659190677628,0.707705323649134,35,0.7439637285542696,0.8170219682530913,0.07305823969882157,8.108882649941407,8,30,1,11
adaptive,24,1650,50,0.68,0.5225225225225225,0.4248643147896879,0.700325644504749,34,0.7365146161458921,0.8170219682530913,0.08050735210719909,9.529963141804904,8,30,2,10
static,25,500,50,0.68,0.6641129032258064,0.524316829004329,0.6816044372294372,34,0.7332904219504311,0.7746177115078317,0.0413272895574004,5.2757679492615965,6,33,3,8
adaptive,25,1700,50,0.66,0.6622983870967742,0.5250350140056023,0.6750280112044816,33,0.7286168792729124,0.7746177115078317,0.04600083223491927,5.977732207377021,7,32,4,7
static,26,500,50,0.7,0.4987179487179487,0.4326282051282051,0.7051846153846154,35,0.7671467249986995,0.805726843067699,0.03858011806899965,5.177109989283474,5,36,1,8
adaptive,26,1750,50,0.7,0.4551282051282051,0.3744588744588745,0.6883116883116884,35,0.7705337419122364,0.805726843067699,0.035193101155462675,4.627966937653602,6,38,0,6
static,27,500,50,0.68,0.46314102564102566,0.44361179361179365,0.7015233415233416,34,0.6940680015689771,0.7639824589015576,0.06991445733258067,9.883253964429866,2,35,7,6
adaptive,27,1800,50,0.7,0.46955128205128205,0.4710897435897436,0.7194153846153847,35,0.7003915723259717,0.7639824589015576,0.06359088657558591,8.929867776176422,1,36,9,4
static,28,500,50,0.7,0.5547619047619048,0.4388095238095238,0.6658095238095239,35,0.7184385331597574,0.7831323335362852,0.0646938003765279,8.126628266948085,3,40,5,2
adaptive,28,1850,50,0.6,0.519047619047619,0.3794642857142857,0.5954999999999999,30,0.6999885804217976,0.7831323335362852,0.08314375311448773,10.27879763732306,4,35,7,4
static,29,500,50,0.72,0.4354166666666666,0.432967032967033,0.734065934065934,36,0.7386794550953388,0.797910983914056,0.0592315288187171,7.151356516456113,4,38,2,6
adaptive,29,1900,50,0.66,0.49375,0.4367253750815394,0.6960926288323549,33,0.731741367054461,0.797910983914056,0.0661696168595946,8.157010369172417,5,33,4,8
static,30,500,50,0.64,0.5083333333333333,0.4142246642246642,0.674969474969475,32,0.6920836671233058,0.780116687014108,0.08803301989080223,11.71714979207853,4,32,4,10
adaptive,30,1950,50,0.62,0.48125,0.4246646545942321,0.6687364185110664,31,0.6805698973336228,0.780116687014108,0.09954678968048525,12.932806678724374,4,31,6,9
static,31,500,50,0.66,0.5961538461538461,0.4159090909090909,0.6758181818181819,33,0.7442838956016352,0.8073775422482283,0.06309364664659313,8.232476933762657,9,31,2,8
adaptive,31,2000,50,0.72,0.658974358974359,0.525,0.7348888888888889,36,0.7587998017191326,0.8073775422482283,0.04857774052909579,6.178323496453764,7,33,4,6
static,32,500,50,0.52,0.27466216216216216,0.2783108268182895,0.5641175076995972,26,0.7002707754926493,0.7893880625573712,0.08911728706472206,11.629316101135672,3,30,4,13
adaptive,32,2050,50,0.66,0.4209459459459459,0.4033119658119658,0.666880341880342,33,0.7283286119464734,0.7893880625573712,0.06105945061089801,8.620128886858168,4,35,3,8
static,33,500,50,0.72,0.5015243902439024,0.4502564102564103,0.7558153846153846,36,0.7150604971583513,0.7580273504878935,0.0429668533295421,5.866375925617685,5,34,2,9
adaptive,33,2100,50,0.86,0.6570121951219512,0.5945147679324895,0.8646751054852321,43,0.7416795944515602,0.7580273504878935,0.016347756036333396,2.367072906259858,6,38,1,5
static,34,500,50,0.7,0.6825396825396824,0.5053904428904429,0.7328321678321679,35,0.7044004135713362,0.7769446149350479,0.07254420136371166,9.236055548568206,7,30,6,7
adaptive,34,2150,50,0.74,0.45337301587301587,0.45548934633441673,0.7492452148790175,37,0.7229740515195062,0.7769446149350479,0.0539705634155416,7.122882807438734,7,35,5,3
static,35,500,50,0.66,0.38721804511278196,0.375,0.6827777777777777,33,0.7000504790163317,0.7678316621523795,0.06778118313604796,9.911930475479174,2,34,5,9
adaptive,35,2200,50,0.68,0.39379699248120303,0.4046257796257796,0.6992931392931393,34,0.7169593000208208,0.7678316621523795,0.050872362131558685,7.219589252698233,4,36,4,6
static,36,500,50,0.66,0.41944444444444445,0.41069075851684544,0.6783738001129305,33,0.6899870715658253,0.7676803434268961,0.07769327186107085,10.483024789987827,3,33,5,9
adaptive,36,2250,50,0.74,0.5236111111111111,0.5170111578562282,0.747693433327236,37,0.711357427597686,0.7676803434268961,0.05632291582921007,7.886279205662111,4,35,5,6
static,37,500,50,0.6,0.40021929824561403,0.35672826344468134,0.6508031272210377,30,0.7053437265921636,0.7829599715177105,0.07761624492554679,10.10630358363697,10,29,3,8
adaptive,37,2300,50,0.68,0.4967105263157895,0.4756258234519104,0.7259025032938077,34,0.7231099589513498,0.7829599715177105,0.05985001256636062,7.902152506419505,7,31,5,7
static,38,500,50,0.68,0.6357142857142857,0.5121212121212122,0.663030303030303,34,0.7425925975997464,0.8015618649472681,0.05896926734752161,7.39804424496285,7,31,2,10
adaptive,38,2350,50,0.66,0.5345238095238095,0.49702380952380953,0.6506666666666666,33,0.7348809785004274,0.8015618649472681,0.06668088644684048,8.230831731797243,6,35,2,7
static,39,500,50,0.62,0.54375,0.38656941649899396,0.6513078470824949,31,0.7322547878255391,0.7799602466243439,0.04770545879880486,6.813048487380713,6,31,3,10
adaptive,39,2400,50,0.66,0.55625,0.40696347031963465,0.6822831050228311,33,0.7349875029134881,0.7799602466243439,0.04497274371085581,6.418579140471077,6,33,3,8
static,40,500,50,0.72,0.3504385964912281,0.3469230769230769,0.7257230769230769,36,0.7263578365364727,0.7830710930927122,0.056713256556239294,7.924478420850637,7,37,5,1
adaptive,40,2450,50,0.74,0.6789473684210526,0.5311868686868687,0.7588080808080808,37,0.7140317751876484,0.7830710930927122,0.06903931790506365,9.276415102252587,6,34,6,4
static,41,500,50,0.72,0.5794871794871795,0.4847285067873303,0.753891402714932,36,0.7290156080938249,0.8008414323072779,0.07182582421345303,8.726354650341268,8,29,2,11
adaptive,41,2500,50,0.78,0.8858974358974359,0.6528186274509804,0.8144607843137256,39,0.7390763339094426,0.8008414323072779,0.061765098397835415,7.484634422859272,5,29,5,11
static,42,500,50,0.74,0.504222972972973,0.444493006993007,0.7002447552447552,37,0.7439864451032356,0.7970643696563351,0.05307792455309951,7.050636556560448,5,41,3,1
adaptive,42,2550,50,0.7,0.49070945945945943,0.43690191387559807,0.6777751196172248,35,0.7331214059429385,0.7970643696563351,0.06394296371339676,8.2480760623622,5,39,3,3
static,43,500,50,0.7,0.6266891891891893,0.48205128205128206,0.6822564102564103,35,0.7320734771911082,0.7860016546360385,0.0539281774449303,6.593033829629772,8,33,0,9
adaptive,43,2600,50,0.7,0.6266891891891893,0.49166666666666664,0.6853333333333333,35,0.7281033626504195,0.7860016546360385,0.05789829198561909,7.170261024757623,8,33,1,8
static,44,500,50,0.68,0.6778711484593838,0.5412349598930482,0.6695655080213904,34,0.7057835632333402,0.7591500616189636,0.05336649838562339,7.12382919597633,8,30,1,11
adaptive,44,2650,50,0.66,0.601890756302521,0.5000363442527622,0.6469170381856949,33,0.7020755065102837,0.7591500616189636,0.05707455510867985,7.656226949916316,8,33,1,8
static,45,500,50,0.6,0.5095238095238095,0.43938172043010754,0.6376021505376345,30,0.6639575407517487,0.7479772462209756,0.08401970546922687,11.771367574807918,5,27,11,7
adaptive,45,2700,50,0.62,0.5023809523809524,0.44798534798534795,0.6536068376068376,31,0.6750287720923738,0.7479772462209756,0.07294847412860171,10.140703475685097,8,28,8,6
static,46,500,50,0.74,0.6501937984496124,0.5267179023508137,0.7793381555153708,37,0.7592932671011131,0.8105837222276588,0.05129045512654577,6.018321073388799,5,36,1,8
adaptive,46,2750,50,0.74,0.6501937984496124,0.5032051282051282,0.7793589743589745,37,0.7545838323784997,0.8105837222276588,0.0559998898491592,7.113772480701287,4,35,5,6
static,47,500,50,0.8,0.4400406504065041,0.41790123456790124,0.806716049382716,40,0.7285457155162302,0.7723109655517034,0.04376525003547333,6.305617943298127,4,40,4,2
adaptive,47,2800,50,0.78,0.42784552845528456,0.39743589743589747,0.8035897435897437,39,0.7133548866821626,0.7723109655517034,0.05895607886954071,8.093409782258952,2,37,8,3
static,48,500,50,0.6,0.4089285714285714,0.3984182484182484,0.5972960372960373,30,0.7261636503365739,0.7802093890356548,0.054045738699080935,7.324361591832632,7,35,2,6
adaptive,48,2850,50,0.62,0.5,0.47185771744595273,0.6253383609854198,31,0.7224919826453473,0.7802093890356548,0.057717406390307494,7.66334643379625,6,33,5,6
static,49,500,50,0.74,0.7291666666666666,0.5926470588235294,0.7658039215686274,37,0.7269242645886933,0.7794405156647761,0.05251625107608282,6.783842012202914,4,32,3,11
adaptive,49,2900,50,0.66,0.55,0.463849765258216,0.700319248826291,33,0.6979248931324917,0.7794405156647761,0.08151562253228413,10.221934210189112,4,31,3,12
static,50,500,50,0.72,0.6161764705882352,0.587215909090909,0.7337727272727272,36,0.7344992292373341,0.7780660738088906,0.04356684457155655,5.575658497011941,7,30,1,12
adaptive,50,2950,50,0.68,0.5661764705882353,0.5229930887825625,0.6876874003189792,34,0.7255152613394413,0.7780660738088906,0.05255081246944922,7.186498858972313,6,32,3,9
static,51,500,50,0.66,0.6199324324324325,0.4618589743589744,0.6974358974358975,33,0.7159968487979423,0.7898572200986074,0.07386037130066503,9.033366993756093,9,28,7,6
adaptive,51,3000,50,0.66,0.6199324324324325,0.4717847451056406,0.6848594688893196,33,0.7110645661543085,0.7898572200986074,0.07879265394429912,9.961484691134325,8,30,6,6
static,52,500,50,0.7,0.55625,0.4936965811965812,0.7373675213675213,35,0.7489930745833991,0.8042106513060122,0.05521757672261298,7.692633492900568,8,32,3,7
adaptive,52,3050,50,0.64,0.49375,0.4461038961038961,0.7012987012987013,32,0.7224175896274244,0.8042106513060122,0.08179306167858794,10.585445567812153,6,30,5,9
static,53,500,50,0.64,0.4423076923076923,0.28819068255687974,0.671462621885157,32,0.6996733212409577,0.7607167044387323,0.061043383197774574,8.618176682656124,4,32,3,11
adaptive,53,3100,50,0.7,0.6153846153846153,0.4172979797979798,0.712878787878788,35,0.7117548820627109,0.7607167044387323,0.04896182237602153,6.358890857162587,6,33,2,9
static,54,500,50,0.58,0.5811507936507936,0.4359487734487735,0.613077922077922,29,0.6644010222978036,0.780159237310194,0.11575821501239034,14.105531113579339,6,27,9,8
adaptive,54,3150,50,0.66,0.651984126984127,0.5247474747474747,0.6823838383838384,33,0.6948419428997556,0.780159237310194,0.08531729441043837,10.585443017604131,5,30,8,7
static,55,500,50,0.52,0.47857142857142854,0.35049019607843135,0.5196078431372549,26,0.6635807591937456,0.7724831405558291,0.1089023813620836,13.676892611916882,6,31,3,10
adaptive,55,3200,50,0.44,0.30357142857142855,0.260989010989011,0.45743589743589746,22,0.67812577441264,0.7724831405558291,0.09435736614318911,12.234736787885701,4,30,2,14
static,56,500,50,0.64,0.44940476190476186,0.4095982142857143,0.6554464285714287,32,0.7063914630054593,0.7755285955146547,0.06913713250919543,9.246893901185317,4,29,4,13
adaptive,56,3250,50,0.66,0.588095238095238,0.5293403125626126,0.6796994590262473,33,0.7137554451382857,0.7755285955146547,0.06177315037636902,7.897019989737299,4,27,4,15
static,57,500,50,0.66,0.5241228070175439,0.3926868905742145,0.6660758396533045,33,0.7005187019071664,0.7577340985494355,0.057215396642268865,7.470892528212886,7,33,0,10
adaptive,57,3300,50,0.7,0.5723684210526316,0.50093399750934,0.7105666251556662,35,0.7015071142732787,0.7577340985494355,0.05622698427615672,7.4104270578295885,5,35,2,8
static,58,500,50,0.66,0.6526041666666667,0.4618589743589744,0.6506923076923077,33,0.6746565347348187,0.7559361322401899,0.08127959750537103,10.91291180425862,7,33,3,7
adaptive,58,3350,50,0.66,0.5973958333333333,0.4128079436902966,0.6312498743086978,33,0.6711063234390088,0.7559361322401899,0.08482980880118107,11.02132054132717,9,36,1,4
static,59,500,50,0.66,0.436046511627907,0.3666666666666667,0.7013333333333333,33,0.7204494120825088,0.776663451475286,0.05621403939277707,7.307574491966822,2,37,4,7
adaptive,59,3400,50,0.66,0.436046511627907,0.3275316455696202,0.7067088607594937,33,0.7144197261346324,0.776663451475286,0.06224372534065333,8.190317530786595,3,36,5,6
static,60,500,50,0.6,0.4641891891891892,0.2833333333333333,0.6226666666666667,30,0.70510705690316,0.7870067299983475,0.08189967309518749,9.778364487925417,3,33,5,9
adaptive,60,3450,50,0.62,0.7256756756756757,0.4722222222222222,0.6440522875816993,31,0.7172575407837593,0.7870067299983475,0.06974918921458832,8.578153040771786,4,31,7,8
static,61,500,50,0.68,0.34375,0.30041666666666667,0.6988333333333333,34,0.693141476961608,0.7623207762661964,0.06917929930458842,8.915157085532378,1,35,3,11
adaptive,61,3500,50,0.66,0.3375,0.30000000000000004,0.68,33,0.706618222774855,0.7623207762661964,0.05570255349134147,7.3575952453153874,2,35,3,10
static,62,500,50,0.68,0.6845238095238095,0.5188973547182503,0.6976989179974256,34,0.720875455271559,0.7976892868252443,0.07681383155368497,8.903887138480588,6,32,3,9
adaptive,62,3550,50,0.68,0.5845238095238096,0.5215336134453781,0.6942857142857143,34,0.7118655538126174,0.7976892868252443,0.08582373301262679,10.510996965637018,4,33,7,6
static,63,500,50,0.72,0.2550813008130081,0.2669735327963176,0.7484004602991945,36,0.7166876372855603,0.7749697402612327,0.05828210297567235,8.590547860845712,2,38,5,5
adaptive,63,3600,50,0.64,0.43902439024390244,0.265015015015015,0.6914714714714715,32,0.6805595008539477,0.7749697402612327,0.09441023940728499,12.648721170171175,3,33,6,8
static,64,500,50,0.82,0.65,0.5403508771929825,0.8251228070175439,41,0.7666333117690691,0.7970041172849608,0.030370805515891695,3.533085408395695,0,36,2,12
adaptive,64,3650,50,0.86,0.41875,0.4341772151898734,0.8773670886075949,43,0.7537677085705263,0.7970041172849608,0.04323640871443445,5.307045097748999,1,39,3,7
static,65,500,50,0.74,0.6913865546218487,0.633954933954934,0.7422160062160063,37,0.7504023566762601,0.8087845237711684,0.05838216709490837,7.486142872009791,7,31,4,8
adaptive,65,3700,50,0.78,0.7344537815126051,0.6631944444444444,0.7861111111111111,39,0.7580374538280791,0.8087845237711684,0.05074706994308945,6.809055315393448,8,30,4,8
static,66,500,50,0.74,0.5714285714285714,0.5266290726817042,0.8018546365914787,37,0.7270573581167432,0.7992573760324388,0.07220001791569568,8.502228202127647,4,34,3,9
adaptive,66,3750,50,0.66,0.37202380952380953,0.36644736842105263,0.7212631578947368,33,0.7150037101819532,0.7992573760324388,0.08425366585048553,10.082957780774269,3,34,4,9
static,67,500,50,0.62,0.5194940476190476,0.5030145929339478,0.6197649769585254,31,0.7132816269918253,0.7790380865240607,0.0657564595322355,9.167619233854966,9,30,2,9
adaptive,67,3800,50,0.6,0.4415922619047619,0.43253968253968256,0.6015873015873016,30,0.6995113088447592,0.7790380865240607,0.07952677767930152,10.529936107752969,7,31,4,8
static,68,500,50,0.74,0.5987179487179487,0.5636261261261261,0.7585135135135136,37,0.6879495581406286,0.756386069155864,0.06843651101523546,9.441694504564214,3,35,5,7
adaptive,68,3850,50,0.72,0.7897435897435898,0.6465813598166539,0.7498013750954926,36,0.6886416568138191,0.756386069155864,0.06774441234204504,9.584931763895327,4,29,8,9
static,69,500,50,0.58,0.47916666666666663,0.395467032967033,0.6137802197802198,29,0.690846751980174,0.7683528880023925,0.07750613602221869,10.337936078137272,6,29,5,10
adaptive,69,3900,50,0.6,0.5659722222222222,0.4596230158730159,0.6330476190476191,30,0.7143443106565662,0.7683528880023925,0.05400857734582625,7.355334406286129,4,27,7,12
static,70,500,50,0.76,0.6688596491228069,0.6264354066985646,0.7556363636363637,38,0.7253623850458877,0.7591761793420179,0.03381379429613008,4.871749694366418,3,38,4,5
adaptive,70,3950,50,0.74,0.6973684210526316,0.6376223091976516,0.7480861056751468,37,0.7145596193536221,0.7591761793420179,0.04461655998839577,6.0827697944424015,3,35,4,8
static,71,500,50,0.72,0.5638888888888889,0.5665404040404041,0.7180606060606061,36,0.7611389709112655,0.7924119533833149,0.03127298247204944,4.141412867888469,6,36,1,7
adaptive,71,4000,50,0.7,0.6,0.5850752508361204,0.714247491638796,35,0.7564591779196987,0.7924119533833149,0.03595277546361622,4.617885552743452,5,33,4,8
static,72,500,50,0.7,0.6772844272844273,0.5439165409753646,0.7151553544494721,35,0.7192339783004439,0.7681041400347783,0.04887016173433444,6.751920961055157,7,31,6,6
adaptive,72,4050,50,0.68,0.7284427284427284,0.5851648351648351,0.7092307692307693,34,0.7049592388388924,0.7681041400347783,0.0631449011958858,8.000696613330875,6,28,7,9
static,73,500,50,0.56,0.37804878048780494,0.24559859154929578,0.6205633802816901,28,0.6898922597632321,0.8121105887625572,0.12221832899932504,14.449276720839952,5,30,3,12
adaptive,73,4100,50,0.68,0.6191056910569105,0.40625,0.735,34,0.7286280799123083,0.8121105887625572,0.0834825088502491,9.77943228153638,3,31,4,12
static,74,500,50,0.58,0.40147058823529413,0.4029761904761905,0.6150952380952381,29,0.6889391442363801,0.7742803218792318,0.08534117764285179,11.193881027383593,4,29,6,11
adaptive,74,4150,50,0.6,0.41715686274509806,0.3921626984126984,0.6251825396825397,30,0.6935379773288085,0.7742803218792318,0.08074234455042345,10.734740755516587,4,29,6,11
static,75,500,50,0.7,0.34226190476190477,0.3392857142857143,0.755,35,0.6687256208117449,0.7497952166742036,0.0810695958624586,10.74926088583115,4,35,5,6
adaptive,75,4200,50,0.7,0.3214285714285714,0.3171052631578948,0.7614736842105263,35,0.6834165939714768,0.7497952166742036,0.06637862270272668,8.926286610503462,6,34,3,7
static,76,500,50,0.66,0.3625,0.3790905631659056,0.718089802130898,33,0.7031123650888044,0.7741310110757414,0.07101864598693704,8.817498864092583,5,33,3,9
adaptive,76,4250,50,0.66,0.40625,0.42363013698630136,0.7156164383561644,33,0.6948005125698153,0.7741310110757414,0.07933049850592613,9.831444225397709,4,33,5,8
static,77,500,50,0.6,0.5157738095238095,0.37402597402597404,0.5942337662337662,30,0.6794894576529302,0.7674582219234618,0.08796876427053184,11.453460664154038,4,35,3,8
adaptive,77,4300,50,0.6,0.5985119047619047,0.4873737373737374,0.6257575757575757,30,0.6845951582771405,0.7674582219234618,0.08286306364632157,10.983082447650913,3,31,4,12
static,78,500,50,0.66,0.6176948051948052,0.5346380355420857,0.6608141617302659,33,0.7355081579960584,0.8171060996947486,0.08159794169869013,9.97311876591324,10,28,2,10
adaptive,78,4350,50,0.66,0.6458333333333333,0.5433851224105462,0.6630922787193974,33,0.7317267469361625,0.8171060996947486,0.08537935275858623,10.454645196886895,11,26,2,11
static,79,500,50,0.68,0.5142857142857142,0.4015663390663391,0.6252948402948403,34,0.7408628512741171,0.7913244525619321,0.05046160128781487,6.463820176864422,8,39,0,3
adaptive,79,4400,50,0.64,0.38095238095238093,0.30000000000000004,0.584,32,0.7240265064267795,0.7913244525619321,0.06729794613515278,8.590105127950023,7,40,2,1
static,80,500,50,0.66,0.5055059523809524,0.47458964646464646,0.6474747474747474,33,0.7378001463516258,0.8029354703327882,0.06513532398116263,7.793035363526044,6,32,2,10
adaptive,80,4450,50,0.66,0.5055059523809524,0.4773674242424243,0.6483636363636365,33,0.7326029613412498,0.8029354703327882,0.07033250899153837,8.947741666610975,6,32,3,9
static,81,500,50,0.7,0.5135658914728682,0.461038961038961,0.7548051948051949,35,0.6959563099215543,0.7834829515793613,0.08752664165780712,11.716960980326457,4,34,4,8
adaptive,81,4500,50,0.72,0.5968992248062015,0.5015664160401002,0.7730075187969925,36,0.717227847318968,0.7834829515793613,0.06625510426039315,8.688361855282702,4,33,4,9
static,82,500,50,0.74,0.7195512820512819,0.5402777777777777,0.7836666666666667,37,0.7352706780936525,0.7976554138585512,0.0623847357648986,7.532434693105282,6,33,2,9
adaptive,82,4550,50,0.62,0.5897435897435898,0.39110671936758895,0.6700711462450593,31,0.7122703859026671,0.7976554138585512,0.08538502795588404,10.508767447357297,6,30,4,10
static,83,500,50,0.68,0.5151960784313725,0.5350752508361204,0.683943143812709,34,0.7366342193665499,0.7850851057410831,0.04845088637453308,6.1707739377164845,4,35,3,8
adaptive,83,4600,50,0.66,0.49950980392156863,0.48710709580274797,0.6501261057782797,33,0.7455113272300204,0.7850851057410831,0.03957377851106269,5.032470355826458,5,35,1,9
static,84,500,50,0.74,0.5865384615384616,0.5448717948717948,0.7366666666666667,37,0.7522000659996082,0.8133215599908367,0.061121493991228265,7.312884218387901,4,39,1,6
adaptive,84,4650,50,0.82,0.717948717948718,0.6886363636363636,0.8194025974025974,41,0.7825522015931847,0.8133215599908367,0.03076935839765179,3.8518577260948565,3,38,1,8
static,85,500,50,0.72,0.5029761904761905,0.443859649122807,0.7700350877192982,36,0.7567827966289193,0.7996627399365317,0.04287994330761246,5.250201045672104,7,34,2,7
adaptive,85,4700,50,0.72,0.5029761904761905,0.4319548872180451,0.7662255639097744,36,0.757848334544395,0.7996627399365317,0.041814405392136704,5.312551416414772,7,34,3,6
static,86,500,50,0.64,0.59375,0.4330259112867808,0.6883091787439614,32,0.69767779237177,0.7891970915303435,0.09151929915857346,11.932462842093964,8,29,4,9
adaptive,86,4750,50,0.6,0.5375,0.3578431372549019,0.6484313725490196,30,0.6867243973925814,0.7891970915303435,0.1024726941377621,13.188325746630916,9,28,3,10
static,87,500,50,0.66,0.5708333333333333,0.48398268398268396,0.6567272727272727,33,0.694837158246157,0.7903763858542695,0.0955392276081126,12.390862690792718,8,34,2,6
adaptive,87,4800,50,0.68,0.5347222222222222,0.4375,0.6633333333333333,34,0.7002703485030847,0.7903763858542695,0.09010603735118475,11.248616255119577,9,36,2,3
static,88,500,50,0.66,0.48863636363636365,0.32750582750582746,0.7206993006993007,33,0.6828669257888275,0.7487811989686435,0.06591427317981619,9.101486631022885,4,34,7,5
adaptive,88,4850,50,0.72,0.5625,0.4171940928270042,0.7818565400843882,36,0.7120630235246008,0.7487811989686435,0.0367181754440428,5.321283391017522,6,35,4,5
static,89,500,50,0.56,0.5444444444444445,0.419047619047619,0.5913015873015872,28,0.7020278174446211,0.7764468117348723,0.07441899429025131,9.143240667168032,4,27,4,15
adaptive,89,4900,50,0.6,0.6361111111111111,0.5045702930948832,0.6429806259314457,30,0.7124462881943948,0.7764468117348723,0.06400052354047737,8.004388347910533,5,25,5,15
static,90,500,50,0.6,0.3717105263157895,0.2884615384615385,0.6283076923076923,30,0.6580914928807049,0.7538629360987037,0.0957714432179988,11.738491468277555,8,32,1,9
adaptive,90,4950,50,0.62,0.4276315789473684,0.3378787878787879,0.6644848484848486,31,0.6650689239543938,0.7538629360987037,0.08879401214430985,11.17279508503625,6,28,5,11
